term;type;url
"";"task";"http://www.cognitiveatlas.org/id/trm_4f244f46ebf58"
"2-stage decision task";"task";"http://www.cognitiveatlas.org/id/trm_5667451917a34"
"2nd-order rule acquisition";"task";"http://www.cognitiveatlas.org/id/trm_5667441c338a7"
"aberrant behavior checklist - community";"task";"http://www.cognitiveatlas.org/id/trm_523c7a0a73cf5"
"abstract/concrete judgment: bilingual";"task";"http://www.cognitiveatlas.org/id/trm_4ebd44cd88360"
"abstract/concrete task";"task";"http://www.cognitiveatlas.org/id/trm_4f24126c22011"
"Acquired Equivalence";"task";"http://www.cognitiveatlas.org/id/trm_551f151f7347e"
"action imitation task";"task";"http://www.cognitiveatlas.org/id/tsk_4a57abb94981d"
"action observation task";"task";"http://www.cognitiveatlas.org/id/tsk_4a57abb949846"
"action-perception loop";"task";"http://www.cognitiveatlas.org/id/trm_551b15af981c6"
"acupuncture task";"task";"http://www.cognitiveatlas.org/id/trm_4c8989e1f3df7"
"Adaptation of marshmellow test";"task";"http://www.cognitiveatlas.org/id/trm_56674e49d15e9"
"adaptive n-back task";"task";"http://www.cognitiveatlas.org/id/trm_56674133b666c"
"adolescent symptom inventory";"task";"http://www.cognitiveatlas.org/id/trm_523df616da8a6"
"Adult ADHD Clinical Diagnostic Scale";"task";"http://www.cognitiveatlas.org/id/trm_5586ff878155d"
"Adult ADHD Self-Report Scale";"task";"http://www.cognitiveatlas.org/id/trm_55a6a79b55c8b"
"adult attachment interview";"task";"http://www.cognitiveatlas.org/id/tsk_4a57abb949858"
"adult behavior checklist";"task";"http://www.cognitiveatlas.org/id/trm_523ca67b786d5"
"alternating runs paradigm";"task";"http://www.cognitiveatlas.org/id/trm_4da88b8b60ffb"
"ambiguous figure task";"task";"http://www.cognitiveatlas.org/id/trm_502abd109f255"
"analogical reasoning task";"task";"http://www.cognitiveatlas.org/id/trm_4f244f0286947"
"Angling Risk Task";"task";"http://www.cognitiveatlas.org/id/trm_5667488d52ccc"
"animal naming task";"task";"http://www.cognitiveatlas.org/id/trm_4da88bd4412da"
"ANT task";"task";"http://www.cognitiveatlas.org/id/trm_551f0857e1db8"
"antisaccade/prosaccade task";"task";"http://www.cognitiveatlas.org/id/tsk_4a57abb949869"
"apparent verticality judgment";"task";"http://www.cognitiveatlas.org/id/trm_502ad907e3299"
"articulatory suppression task";"task";"http://www.cognitiveatlas.org/id/trm_50f5822624e53"
"artificial grammar learning task";"task";"http://www.cognitiveatlas.org/id/trm_4f244a88013ae"
"associative memory encoding task";"task";"http://www.cognitiveatlas.org/id/trm_553ec64e6cb1b"
"attention bias";"task";"http://www.cognitiveatlas.org/id/trm_50df0d8dc717b"
"attention networks test";"task";"http://www.cognitiveatlas.org/id/trm_4da6304c9aa23"
"attention switching task";"task";"http://www.cognitiveatlas.org/id/trm_4f241614d4a25"
"attentional blink paradigm";"task";"http://www.cognitiveatlas.org/id/trm_551f06a08dcc4"
"audio narrative";"task";"http://www.cognitiveatlas.org/id/trm_5550e5011ce10"
"audio-visual target detection task";"task";"http://www.cognitiveatlas.org/id/tsk_4a57abb949889"
"auditory masking task";"task";"http://www.cognitiveatlas.org/id/trm_551b1b6f6a262"
"auditory scene perception";"task";"http://www.cognitiveatlas.org/id/trm_551b1460e89a3"
"auditory temporal discrimination task";"task";"http://www.cognitiveatlas.org/id/trm_4f240e7f989f8"
"autism diagnostic interview - revised";"task";"http://www.cognitiveatlas.org/id/trm_525d847e2bd0b"
"autism diagnostic observation schedule";"task";"http://www.cognitiveatlas.org/id/trm_4da891a546d8c"
"autism spectrum quotient";"task";"http://www.cognitiveatlas.org/id/trm_51d6fe3f3942f"
"autobiographical memory task";"task";"http://www.cognitiveatlas.org/id/trm_4f244d2a54e27"
"AX-CPT task";"task";"http://www.cognitiveatlas.org/id/trm_4c40d2a93ea15"
"AX-DPX";"task";"http://www.cognitiveatlas.org/id/trm_515495b718cd6"
"backward digit span task";"task";"http://www.cognitiveatlas.org/id/tsk_4a57abb94989b"
"backward masking";"task";"http://www.cognitiveatlas.org/id/trm_4a3fd79d09b6d"
"balloon analogue risk task (BART)";"task";"http://www.cognitiveatlas.org/id/trm_4d559bcd67c18"
"Barratt Impulsiveness Scale";"task";"http://www.cognitiveatlas.org/id/trm_55a6a8e81b7f4"
"battelle developmental inventory";"task";"http://www.cognitiveatlas.org/id/trm_523e10cad0ce6"
"Becker-Degroot-Marschak (BDM) procedure";"task";"http://www.cognitiveatlas.org/id/trm_553e77887abc7"
"beery-buktenica developmental test of visual-motor integration";"task";"http://www.cognitiveatlas.org/id/trm_523f58d91f2c0"
"behavioral investment allocation strategy (BIAS)";"task";"http://www.cognitiveatlas.org/id/trm_4d54b8361e93e"
"behavioral rating inventory of executive function";"task";"http://www.cognitiveatlas.org/id/tsk_4a57abb9498ab"
"Benton facial recognition test";"task";"http://www.cognitiveatlas.org/id/tsk_4a57abb9498bc"
"big five questionnaire";"task";"http://www.cognitiveatlas.org/id/trm_523f5c17d7edb"
"big/little circle";"task";"http://www.cognitiveatlas.org/id/trm_50f72fafa53ec"
"bimanual coordination task";"task";"http://www.cognitiveatlas.org/id/trm_4f244f997615c"
"biological motion task";"task";"http://www.cognitiveatlas.org/id/trm_4f245326e2eaf"
"Birmingham object recognition battery";"task";"http://www.cognitiveatlas.org/id/tsk_4a57abb9498ce"
"Bistability";"task";"http://www.cognitiveatlas.org/id/trm_5519c4bb1d1ee"
"Bistable percept paradigm";"task";"http://www.cognitiveatlas.org/id/trm_553fce5d21da7"
"block design test";"task";"http://www.cognitiveatlas.org/id/trm_4b7497a289534"
"block tapping test";"task";"http://www.cognitiveatlas.org/id/tsk_4a57abb9498df"
"Blocked channel-selection task";"task";"http://www.cognitiveatlas.org/id/trm_551f0757982bc"
"boston naming test";"task";"http://www.cognitiveatlas.org/id/tsk_4a57abb9498ef"
"braille reading task";"task";"http://www.cognitiveatlas.org/id/trm_4c898a20eb254"
"breath-holding";"task";"http://www.cognitiveatlas.org/id/trm_4c898a680e424"
"Brief Psychiatric Rating Scale";"task";"http://www.cognitiveatlas.org/id/trm_55a6a52537c2b"
"brief symptom inventory";"task";"http://www.cognitiveatlas.org/id/trm_52405b6f7ebe9"
"Brixton spatial anticipation test";"task";"http://www.cognitiveatlas.org/id/trm_4da88c5302e06"
"broad autism phenotype questionnaire";"task";"http://www.cognitiveatlas.org/id/trm_523dfd5b7a9f1"
"broader phenotype autism symptom scale";"task";"http://www.cognitiveatlas.org/id/trm_524055ac4fecf"
"California Verbal Learning Test";"task";"http://www.cognitiveatlas.org/id/trm_4da6331cdeeb5"
"California Verbal Learning Test-II";"task";"http://www.cognitiveatlas.org/id/tsk_4a57abb949900"
"Cambridge Face Memory Test";"task";"http://www.cognitiveatlas.org/id/tsk_4a57abb949912"
"Cambridge Gambling Task";"task";"http://www.cognitiveatlas.org/id/trm_4d54b2cc0f943"
"Cambridge Neuropsychological Test Automated Battery ";"task";"http://www.cognitiveatlas.org/id/trm_4da880ff8fd4a"
"Cambridge risk task";"task";"http://www.cognitiveatlas.org/id/trm_4f242042e5805"
"capsaicin-evoked pain";"task";"http://www.cognitiveatlas.org/id/trm_4e6a2f61b17b0"
"CatBat task";"task";"http://www.cognitiveatlas.org/id/trm_4da88bff0507c"
"categorization task";"task";"http://www.cognitiveatlas.org/id/trm_4f24112057e90"
"category fluency test";"task";"http://www.cognitiveatlas.org/id/tsk_4a57abb949923"
"Cattell&#39;s Culture Fair Intelligence Test";"task";"http://www.cognitiveatlas.org/id/trm_4da86c6808ddd"
"Center for Epidemiologic Studies Depression Scale";"task";"http://www.cognitiveatlas.org/id/trm_5258346e72223"
"Change Detection Task";"task";"http://www.cognitiveatlas.org/id/trm_5154906cbead5"
"Chapman Scales";"task";"http://www.cognitiveatlas.org/id/trm_55a6cab35ea62"
"chewing/swallowing";"task";"http://www.cognitiveatlas.org/id/trm_4c898a8fd3afb"
"Child Behavior Checklist";"task";"http://www.cognitiveatlas.org/id/trm_524b4a402c87e"
"Children&#39;s Communication Checklist";"task";"http://www.cognitiveatlas.org/id/trm_5255c99be1e53"
"Children&#39;s Memory Scale";"task";"http://www.cognitiveatlas.org/id/trm_52167db323438"
"Children&#39;s Psychiatric Rating Scale";"task";"http://www.cognitiveatlas.org/id/trm_525c56680c13c"
"Children&#39;s Yale-Brown Obsessive Compulsive Scale";"task";"http://www.cognitiveatlas.org/id/trm_52602c143d3a9"
"chimeric animal Stroop task";"task";"http://www.cognitiveatlas.org/id/trm_4b843655d5d75"
"choice reaction time task";"task";"http://www.cognitiveatlas.org/id/tsk_4a57abb949934"
"choice task between risky and non-risky options";"task";"http://www.cognitiveatlas.org/id/trm_4d55a2bbcfdff"
"classification probe without feedback";"task";"http://www.cognitiveatlas.org/id/trm_4ebc9d2e397f2"
"Clinical Evaluation of Language Fundamentals-3";"task";"http://www.cognitiveatlas.org/id/tsk_4a57abb9499a8"
"Cognitive Reflection Test";"task";"http://www.cognitiveatlas.org/id/trm_56675359b663a"
"coherent motion";"task";"http://www.cognitiveatlas.org/id/trm_551b0c616de16"
"Coherent/Incoherent discourse distinction task";"task";"http://www.cognitiveatlas.org/id/trm_55217860a9dea"
"cold pressor test";"task";"http://www.cognitiveatlas.org/id/trm_4e6a44ee854f8"
"cold stimulation ";"task";"http://www.cognitiveatlas.org/id/trm_4e664d3718e1b"
"color naming task";"task";"http://www.cognitiveatlas.org/id/trm_4f244c1f6b53f"
"Color Trails Test";"task";"http://www.cognitiveatlas.org/id/trm_4da633fe917c4"
"color-discrimination task";"task";"http://www.cognitiveatlas.org/id/tsk_4a57abb9499b8"
"color-word stroop task";"task";"http://www.cognitiveatlas.org/id/trm_4b1968619b00b"
"color-word stroop with task switching";"task";"http://www.cognitiveatlas.org/id/trm_5542841f3dcd5"
"Columbia Card Task";"task";"http://www.cognitiveatlas.org/id/trm_5667492c555b7"
"Communication and Symbolic Behavior Scales Development Profile";"task";"http://www.cognitiveatlas.org/id/trm_52718631bc934"
"complex span test";"task";"http://www.cognitiveatlas.org/id/trm_4da86ad02b3ea"
"complex trait judgment task";"task";"http://www.cognitiveatlas.org/id/trm_553fd2fc7a648"
"Comprehensive Test of Phonological Processing";"task";"http://www.cognitiveatlas.org/id/trm_526027c99b726"
"conditional stop signal task";"task";"http://www.cognitiveatlas.org/id/trm_4cacf3fbc503b"
"conjunction search task";"task";"http://www.cognitiveatlas.org/id/trm_4f24194bce29f"
"Conners 3rd Edition";"task";"http://www.cognitiveatlas.org/id/trm_525c4cb94bfff"
"Conners Comprehensive Behavior Rating Scales";"task";"http://www.cognitiveatlas.org/id/trm_524b563fb87c8"
"consensus decision-making task";"task";"http://www.cognitiveatlas.org/id/trm_553fc858cacc5"
"contextual cueing task";"task";"http://www.cognitiveatlas.org/id/trm_4f24492504ca0"
"contextual semantic priming task";"task";"http://www.cognitiveatlas.org/id/trm_553e73e29cf7d"
"continuous performance task";"task";"http://www.cognitiveatlas.org/id/trm_4b4a537644d76"
"Continuous Performance Test - AX version";"task";"http://www.cognitiveatlas.org/id/trm_551f0c294ce23"
"continuous recognition paradigm";"task";"http://www.cognitiveatlas.org/id/tsk_4a57abb9499c7"
"contour integration task";"task";"http://www.cognitiveatlas.org/id/trm_5519c85ed1e8d"
"contour interpolation task";"task";"http://www.cognitiveatlas.org/id/trm_551b0bb59173d"
"contrast detection task";"task";"http://www.cognitiveatlas.org/id/trm_502be67697201"
"contrast sensitivity test";"task";"http://www.cognitiveatlas.org/id/trm_551efdcd10677"
"copying task";"task";"http://www.cognitiveatlas.org/id/trm_4fbd2ac1cd035"
"Corpus analysis";"task";"http://www.cognitiveatlas.org/id/trm_5521752956bb2"
"Corsi Blocks";"task";"http://www.cognitiveatlas.org/id/trm_4da881dace79c"
"counterconditioning";"task";"http://www.cognitiveatlas.org/id/trm_50240427b4c1b"
"counting Stroop task";"task";"http://www.cognitiveatlas.org/id/trm_4da631be60291"
"Counting/Calculation";"task";"http://www.cognitiveatlas.org/id/trm_4c898b02722d2"
"covert naming task";"task";"http://www.cognitiveatlas.org/id/trm_4f240d346320c"
"Covert verb generation task";"task";"http://www.cognitiveatlas.org/id/trm_5346927710e88"
"criteria task";"task";"http://www.cognitiveatlas.org/id/trm_512e7621189ad"
"cross modality";"task";"http://www.cognitiveatlas.org/id/trm_551b0e17c6c76"
"cue approach task";"task";"http://www.cognitiveatlas.org/id/trm_553e77e53497d"
"cued explicit recognition";"task";"http://www.cognitiveatlas.org/id/trm_4c898b29660b0"
"cups task";"task";"http://www.cognitiveatlas.org/id/tsk_4a57abb9499d5"
"cyberball task";"task";"http://www.cognitiveatlas.org/id/trm_4f24189031a4a"
"deception task";"task";"http://www.cognitiveatlas.org/id/trm_4c898b4b463aa"
"deductive reasoning task";"task";"http://www.cognitiveatlas.org/id/trm_4c898b8c2d071"
"delay conditioning";"task";"http://www.cognitiveatlas.org/id/trm_5023ef8eab626"
"Delay Discounting Titration";"task";"http://www.cognitiveatlas.org/id/trm_566748c929afc"
"delayed match to sample task";"task";"http://www.cognitiveatlas.org/id/tsk_4a57abb9499e3"
"delayed memory task";"task";"http://www.cognitiveatlas.org/id/trm_4fba85a597ca9"
"delayed nonmatch to sample task";"task";"http://www.cognitiveatlas.org/id/tsk_4a57abb9499f1"
"delayed recall test";"task";"http://www.cognitiveatlas.org/id/tsk_4a57abb9499ff"
"delayed response task";"task";"http://www.cognitiveatlas.org/id/trm_4dadbdd0b2b8c"
"deterministic classification";"task";"http://www.cognitiveatlas.org/id/trm_4e8dd3831f0cc"
"Deviance Detection";"task";"http://www.cognitiveatlas.org/id/trm_5519c2d8d7b1d"
"devil&#39;s task";"task";"http://www.cognitiveatlas.org/id/trm_4d559d2703bae"
"dichotic listening task";"task";"http://www.cognitiveatlas.org/id/trm_4da87e9c79847"
"Dickman Impulsivity Inventory";"task";"http://www.cognitiveatlas.org/id/trm_55a6a95f66508"
"Dietary Decisions Task";"task";"http://www.cognitiveatlas.org/id/trm_56674d6aa9faf"
"Differential Ability Scales";"task";"http://www.cognitiveatlas.org/id/trm_5272806688e63"
"digit cancellation task";"task";"http://www.cognitiveatlas.org/id/trm_4da89077f19ae"
"digit span task";"task";"http://www.cognitiveatlas.org/id/tsk_4a57abb949a0d"
"digit/symbol coding test";"task";"http://www.cognitiveatlas.org/id/tsk_4a57abb949a25"
"directed forgetting task";"task";"http://www.cognitiveatlas.org/id/trm_4da87f383435b"
"Discourse content questions";"task";"http://www.cognitiveatlas.org/id/trm_55217a446eb3b"
"Distraction paradigm (capture)";"task";"http://www.cognitiveatlas.org/id/trm_551f07a281283"
"divided auditory attention";"task";"http://www.cognitiveatlas.org/id/trm_4c898bbab4fd4"
"doors and people test";"task";"http://www.cognitiveatlas.org/id/tsk_4a57abb949a33"
"dot motion task";"task";"http://www.cognitiveatlas.org/id/trm_4f244ad7dcde7"
"dot pattern expectancy task";"task";"http://www.cognitiveatlas.org/id/trm_4da86c2a70a7d"
"drawing";"task";"http://www.cognitiveatlas.org/id/trm_4c898be57fcbc"
"drawing from memory task";"task";"http://www.cognitiveatlas.org/id/trm_4fbd2e5614028"
"dual sensitization";"task";"http://www.cognitiveatlas.org/id/trm_4e5e7ac84c2e5"
"dual-task paradigm";"task";"http://www.cognitiveatlas.org/id/trm_4da634216ebbc"
"dual-task weather prediction";"task";"http://www.cognitiveatlas.org/id/trm_4ebc98cc77e7b"
"Early Childhood Behavioral Questionnaire";"task";"http://www.cognitiveatlas.org/id/trm_5298e7a465b41"
"Early Development Interview (EDI)";"task";"http://www.cognitiveatlas.org/id/trm_5298ed1336e43"
"Early Social and Communication Scales";"task";"http://www.cognitiveatlas.org/id/trm_4da8911e715e3"
"eating/drinking";"task";"http://www.cognitiveatlas.org/id/trm_4c898c0786246"
"Edinburgh Handedness Inventory";"task";"http://www.cognitiveatlas.org/id/tsk_4a57abb949a41"
"electric stimulation";"task";"http://www.cognitiveatlas.org/id/trm_4e68e08950157"
"embedded figures test";"task";"http://www.cognitiveatlas.org/id/trm_4b749b8829eee"
"emotion expression identification";"task";"http://www.cognitiveatlas.org/id/trm_551efd8a98162"
"emotion processing fMRI task paradigm";"task";"http://www.cognitiveatlas.org/id/trm_550b5b066d37b"
"Emotion Recognition Task";"task";"http://www.cognitiveatlas.org/id/trm_50f734f86b11a"
"emotional regulation task";"task";"http://www.cognitiveatlas.org/id/trm_4da890594742a"
"encoding task";"task";"http://www.cognitiveatlas.org/id/trm_4c898c33ee5f8"
"episodic recall";"task";"http://www.cognitiveatlas.org/id/trm_4c898c8bf1b4f"
"Eriksen flanker task";"task";"http://www.cognitiveatlas.org/id/tsk_4a57abb949a4f"
"Expressive One Word-Picture Vocabulary Test";"task";"http://www.cognitiveatlas.org/id/trm_5262c98a09546"
"Expressive One-Word Picture Vocabulary Test";"task";"http://www.cognitiveatlas.org/id/trm_5298f15fe0fcf"
"Expressive Vocabulary Test";"task";"http://www.cognitiveatlas.org/id/trm_52602e2e0c43b"
"extradimensional shift task";"task";"http://www.cognitiveatlas.org/id/tsk_4a57abb949a5d"
"Eye tracking paradigms";"task";"http://www.cognitiveatlas.org/id/trm_55217b48995ce"
"Eysenck Personality Questionnaire";"task";"http://www.cognitiveatlas.org/id/trm_55a6ae8f44ac3"
"Face Identification task";"task";"http://www.cognitiveatlas.org/id/trm_551efdfd1a356"
"face matching task";"task";"http://www.cognitiveatlas.org/id/trm_4f24247912761"
"face monitor/discrimination";"task";"http://www.cognitiveatlas.org/id/trm_4c898cb4ada49"
"face n-back task";"task";"http://www.cognitiveatlas.org/id/tsk_4a57abb949a6a"
"face working memory task";"task";"http://www.cognitiveatlas.org/id/trm_4f2421a62cdf8"
"facial recognition task";"task";"http://www.cognitiveatlas.org/id/trm_5090b32d6b376"
"Fagerstrom Test for Nicotine Dependence";"task";"http://www.cognitiveatlas.org/id/tsk_4a57abb949a78"
"false belief task";"task";"http://www.cognitiveatlas.org/id/trm_4f2456027809f"
"fame judgment task";"task";"http://www.cognitiveatlas.org/id/trm_4f241fe40a950"
"figure ground task";"task";"http://www.cognitiveatlas.org/id/trm_551b0d687ee33"
"film viewing";"task";"http://www.cognitiveatlas.org/id/trm_4c898da401420"
"finger tapping task";"task";"http://www.cognitiveatlas.org/id/trm_4c898f079d05e"
"Fitts task";"task";"http://www.cognitiveatlas.org/id/trm_4f24226fa2903"
"fixation task";"task";"http://www.cognitiveatlas.org/id/trm_4c898f72228f3"
"flashing checkerboard";"task";"http://www.cognitiveatlas.org/id/trm_4c898f8f297ac"
"flexion/extension";"task";"http://www.cognitiveatlas.org/id/trm_4c898fad429ed"
"foreshortened view task";"task";"http://www.cognitiveatlas.org/id/trm_4fbd2dc0273d9"
"forward digit span task";"task";"http://www.cognitiveatlas.org/id/tsk_4a57abb949a85"
"free word list recall";"task";"http://www.cognitiveatlas.org/id/trm_4c898fc6722f4"
"functional localizer fMRI tasks";"task";"http://www.cognitiveatlas.org/id/trm_553e85265f51e"
"gambling fMRI task paradigm";"task";"http://www.cognitiveatlas.org/id/trm_550b5c1a7f4db"
"gambling task";"task";"http://www.cognitiveatlas.org/id/trm_4f24496a80587"
"gating";"task";"http://www.cognitiveatlas.org/id/trm_551b14d7d5882"
"gender discrimination task";"task";"http://www.cognitiveatlas.org/id/trm_4f241c8d4a75c"
"general knowledge task";"task";"http://www.cognitiveatlas.org/id/trm_4f24237f2ed47"
"Glasgow Coma Scale";"task";"http://www.cognitiveatlas.org/id/trm_4da890f978492"
"global-local task";"task";"http://www.cognitiveatlas.org/id/trm_4f241d7adf14e"
"go/no-go task";"task";"http://www.cognitiveatlas.org/id/tsk_4a57abb949a93"
"Graded Naming Test";"task";"http://www.cognitiveatlas.org/id/trm_50f741a965470"
"grasping task";"task";"http://www.cognitiveatlas.org/id/trm_4c898ff0bea97"
"Gray Oral Reading Test - 4";"task";"http://www.cognitiveatlas.org/id/tsk_4a57abb949aa1"
"Halstead-Reitan Battery";"task";"http://www.cognitiveatlas.org/id/trm_529911569b592"
"Hamilton Psychiatric Rating Scale for Depression";"task";"http://www.cognitiveatlas.org/id/trm_559e2af1cc0ce"
"haptic illusion task";"task";"http://www.cognitiveatlas.org/id/trm_4da88c205b16b"
"Hayling sentence completion test";"task";"http://www.cognitiveatlas.org/id/trm_4da88c904862b"
"heat sensitization/adaptation";"task";"http://www.cognitiveatlas.org/id/trm_4e5662373bc89"
"heat stimulation";"task";"http://www.cognitiveatlas.org/id/trm_4e550887d92de"
"Holt and Laury Risk Titrator";"task";"http://www.cognitiveatlas.org/id/trm_56674f71483b0"
"Hooper visual organization test";"task";"http://www.cognitiveatlas.org/id/tsk_4a57abb949aae"
"Hopkins Symptom Checklist";"task";"http://www.cognitiveatlas.org/id/trm_55a6a860a7088"
"Hungry Donkey Task";"task";"http://www.cognitiveatlas.org/id/trm_50b40bca8cf83"
"Hypomanic Personality Scale";"task";"http://www.cognitiveatlas.org/id/trm_55a6c92db12b0"
"image monitoring";"task";"http://www.cognitiveatlas.org/id/trm_5667436296862"
"imagined movement";"task";"http://www.cognitiveatlas.org/id/trm_4c899005b11d5"
"imagined objects/scenes";"task";"http://www.cognitiveatlas.org/id/trm_4c89903149aeb"
"immediate memory task";"task";"http://www.cognitiveatlas.org/id/trm_4fba857ad04ac"
"immediate recall test";"task";"http://www.cognitiveatlas.org/id/tsk_4a57abb949abc"
"Implicit Association Task";"task";"http://www.cognitiveatlas.org/id/trm_50b6660b1b847"
"incentive modulated antisaccade task";"task";"http://www.cognitiveatlas.org/id/trm_565a2e79b22f2"
"Incidental encoding task";"task";"http://www.cognitiveatlas.org/id/trm_50df0dd9d0b6f"
"inductive reasoning aptitude";"task";"http://www.cognitiveatlas.org/id/trm_4d8a48e403c78"
"Information Sampling Task";"task";"http://www.cognitiveatlas.org/id/trm_50f73d557c967"
"instrumental learning task";"task";"http://www.cognitiveatlas.org/id/trm_4f2414059baa8"
"intensity for somatosensory stimulation";"task";"http://www.cognitiveatlas.org/id/trm_551b17b190582"
"Inter-dimensional/Extra-dimensional Shift Task";"task";"http://www.cognitiveatlas.org/id/trm_5667476fc14dd"
"Inter-modal selective attention task";"task";"http://www.cognitiveatlas.org/id/trm_551f0713a5a17"
"intermodal preferential looking paradigm";"task";"http://www.cognitiveatlas.org/id/trm_4eb1f3a8ec119"
"International Affective Picture System";"task";"http://www.cognitiveatlas.org/id/tsk_4a57abb949aca"
"intradimensional shift task";"task";"http://www.cognitiveatlas.org/id/tsk_4a57abb949ad7"
"Iowa Gambling Task";"task";"http://www.cognitiveatlas.org/id/tsk_4a57abb949ae5"
"Ishihara plates for color blindness";"task";"http://www.cognitiveatlas.org/id/tsk_4a57abb949af3"
"isometric force";"task";"http://www.cognitiveatlas.org/id/trm_4c8990480ad0f"
"item recognition task";"task";"http://www.cognitiveatlas.org/id/trm_4da869646e5d1"
"Joint Attention / Social and Nonsocial Orienting Task";"task";"http://www.cognitiveatlas.org/id/trm_529ce04b778b6"
"Judgment of Line Orientation Task";"task";"http://www.cognitiveatlas.org/id/trm_529ce3d22be3e"
"Kanizsa figures";"task";"http://www.cognitiveatlas.org/id/tsk_4a57abb949b00"
"Kaufman Brief Intelligence Test";"task";"http://www.cognitiveatlas.org/id/trm_529ce6ecb35f8"
"keep-track task";"task";"http://www.cognitiveatlas.org/id/trm_4c40d4054f38b"
"Landmark task";"task";"http://www.cognitiveatlas.org/id/trm_5346938eed092"
"language processing fMRI task paradigm";"task";"http://www.cognitiveatlas.org/id/trm_550b54a8b30f4"
"lateral facilitation";"task";"http://www.cognitiveatlas.org/id/trm_551b0c0a742d2"
"Leiter International Performance Scale";"task";"http://www.cognitiveatlas.org/id/trm_5262cb3d852c0"
"length match task";"task";"http://www.cognitiveatlas.org/id/trm_4fbd2b16e7aff"
"letter case judgment task";"task";"http://www.cognitiveatlas.org/id/trm_4f241001dfcee"
"letter comparison task";"task";"http://www.cognitiveatlas.org/id/trm_4da86c8bb3b04"
"letter fluency test ";"task";"http://www.cognitiveatlas.org/id/tsk_4a57abb949b0e"
"letter n-back task";"task";"http://www.cognitiveatlas.org/id/tsk_4a57abb949b1c"
"letter naming task";"task";"http://www.cognitiveatlas.org/id/tsk_4a57abb949b2b"
"letter number sequencing";"task";"http://www.cognitiveatlas.org/id/trm_4c3e0a9576c3b"
"lexical decision task";"task";"http://www.cognitiveatlas.org/id/tsk_4a57abb949b38"
"Listening and reading task";"task";"http://www.cognitiveatlas.org/id/trm_55217a9f473f0"
"listening span task";"task";"http://www.cognitiveatlas.org/id/trm_4c40d1d16071e"
"living-nonliving task";"task";"http://www.cognitiveatlas.org/id/trm_4f24258b51e2c"
"living/nonliving judgment on mirror-reversed and plain-text words";"task";"http://www.cognitiveatlas.org/id/trm_5176cf9d3d512"
"local computation";"task";"http://www.cognitiveatlas.org/id/trm_551b1004bc652"
"logical reasoning task";"task";"http://www.cognitiveatlas.org/id/trm_4f24154867d84"
"Loneliness Rating Scale";"task";"http://www.cognitiveatlas.org/id/trm_529d087705bfa"
"MacArthur Communicative Development Inventories";"task";"http://www.cognitiveatlas.org/id/trm_4da891794859f"
"Manipulation of coherence and cohesion";"task";"http://www.cognitiveatlas.org/id/trm_552181d7be45e"
"Manipulation of individual words";"task";"http://www.cognitiveatlas.org/id/trm_55218116cbf40"
"Manipulation of ISI";"task";"http://www.cognitiveatlas.org/id/trm_551efeacb9deb"
"Manipulation of language and non-verbal behaviors";"task";"http://www.cognitiveatlas.org/id/trm_55217e77441b0"
"Manipulation of predictability";"task";"http://www.cognitiveatlas.org/id/trm_55492d262a847"
"Manipulation of predictability and acceptability";"task";"http://www.cognitiveatlas.org/id/trm_55217d7fbfdba"
"match to sample visual search";"task";"http://www.cognitiveatlas.org/id/trm_50f852c084fde"
"matching familiar figures test";"task";"http://www.cognitiveatlas.org/id/trm_4da87b8bf1511"
"matching pennies game ";"task";"http://www.cognitiveatlas.org/id/tsk_4a57abb949b46"
"Maudsley Obsessive Compulsive Inventory";"task";"http://www.cognitiveatlas.org/id/tsk_4a57abb949b54"
"McGurk effect";"task";"http://www.cognitiveatlas.org/id/trm_51a637dfeffd5"
"mechanical stimulation";"task";"http://www.cognitiveatlas.org/id/trm_4e5d07565b68e"
"meditation task";"task";"http://www.cognitiveatlas.org/id/trm_4fb4175126374"
"memory guided saccade task";"task";"http://www.cognitiveatlas.org/id/trm_4f2457d94fd93"
"memory span test";"task";"http://www.cognitiveatlas.org/id/trm_4da869e68b5c4"
"mental arithmetic task";"task";"http://www.cognitiveatlas.org/id/trm_4f24179122380"
"mental imagery task";"task";"http://www.cognitiveatlas.org/id/trm_4f240edf92865"
"mental rotation task";"task";"http://www.cognitiveatlas.org/id/trm_4c8990810541d"
"mentalizing task";"task";"http://www.cognitiveatlas.org/id/trm_4f241ab50513b"
"MicroCog";"task";"http://www.cognitiveatlas.org/id/trm_4b9568b2865c2"
"micturition task";"task";"http://www.cognitiveatlas.org/id/trm_4c89909cc1f33"
"Mini Mental State Examination";"task";"http://www.cognitiveatlas.org/id/tsk_4a57abb949bb1"
"minimal feature match task ";"task";"http://www.cognitiveatlas.org/id/trm_4fbd2d71adf87"
"Minnesota Multiphasic Personality Inventory";"task";"http://www.cognitiveatlas.org/id/trm_55a6c80b2c1d6"
"mirror reading task";"task";"http://www.cognitiveatlas.org/id/trm_5176cf2c19e89"
"mirror tracing task";"task";"http://www.cognitiveatlas.org/id/trm_4f244a67d5b17"
"mixed event-related probe";"task";"http://www.cognitiveatlas.org/id/trm_4e8dd3dfd9fff"
"mixed gambles task";"task";"http://www.cognitiveatlas.org/id/trm_4cacee4a1d875"
"modified Erickson Scale of Communication Attitudes";"task";"http://www.cognitiveatlas.org/id/trm_4da891d43240c"
"monetary incentive delay task";"task";"http://www.cognitiveatlas.org/id/trm_4f23fc8c42d28"
"Morris water maze";"task";"http://www.cognitiveatlas.org/id/trm_4da890a9bd7a3"
"motion discrimination task";"task";"http://www.cognitiveatlas.org/id/trm_553fc63a54ae6"
"Motion processing";"task";"http://www.cognitiveatlas.org/id/trm_5536be03400e7"
"motor fMRI task paradigm";"task";"http://www.cognitiveatlas.org/id/trm_550b53d7dd674"
"Motor Screening Task";"task";"http://www.cognitiveatlas.org/id/trm_50f72e93ea9e3"
"motor sequencing task";"task";"http://www.cognitiveatlas.org/id/tsk_4a57abb949bbf"
"Mouse tracking paradigms";"task";"http://www.cognitiveatlas.org/id/trm_55217bd86ee12"
"Mullen Scales of Early Learning";"task";"http://www.cognitiveatlas.org/id/trm_5262d6d7b2097"
"Muller-Lyer Illusion";"task";"http://www.cognitiveatlas.org/id/trm_5535623c2536a"
"multi-attribute decision making task";"task";"http://www.cognitiveatlas.org/id/trm_4f244fee7d195"
"multi-attribute reward-guided decision task";"task";"http://www.cognitiveatlas.org/id/trm_553eb28436233"
"Multi-class n-back task";"task";"http://www.cognitiveatlas.org/id/trm_558c324478d22"
"multi-object localizer task";"task";"http://www.cognitiveatlas.org/id/trm_558c33e7714ba"
"Multidimensional Personality Questionnaire";"task";"http://www.cognitiveatlas.org/id/trm_55a6aa62c54f8"
"multisource interference task";"task";"http://www.cognitiveatlas.org/id/trm_4f2419c4a1646"
"multistability";"task";"http://www.cognitiveatlas.org/id/trm_551b0cdcde976"
"music comprehension/production";"task";"http://www.cognitiveatlas.org/id/trm_4c8990b07a037"
"n-back task";"task";"http://www.cognitiveatlas.org/id/tsk_4a57abb949bcd"
"naming (covert)";"task";"http://www.cognitiveatlas.org/id/trm_4c8990c87035d"
"naming (overt)";"task";"http://www.cognitiveatlas.org/id/trm_4c8990e187dc7"
"Naming tasks";"task";"http://www.cognitiveatlas.org/id/trm_552174863d51e"
"navigation task";"task";"http://www.cognitiveatlas.org/id/trm_4f241173868a3"
"negative priming task";"task";"http://www.cognitiveatlas.org/id/trm_4f244d64e45bc"
"NIH Toolbox 2-Minute Walk Endurance Test";"task";"http://www.cognitiveatlas.org/id/trm_50eb69a57bc96"
"NIH Toolbox 4-Meter Walk Gait Speed Test ";"task";"http://www.cognitiveatlas.org/id/trm_50eb585f62f24"
"NIH Toolbox 9-Hole Pegboard Dexterity Test";"task";"http://www.cognitiveatlas.org/id/trm_50eb4d3d96ff8"
"NIH Toolbox Dimensional Change Card Sort Test";"task";"http://www.cognitiveatlas.org/id/trm_50eb115b6c476"
"NIH Toolbox Dynamic Visual Acuity Test";"task";"http://www.cognitiveatlas.org/id/trm_50f38098952cb"
"NIH Toolbox General Life Satisfaction Survey";"task";"http://www.cognitiveatlas.org/id/trm_50f3c003327c4"
"NIH Toolbox Grip Strength Test";"task";"http://www.cognitiveatlas.org/id/trm_50eb51c2cd9fe"
"NIH Toolbox Hearing Handicap Inventory";"task";"http://www.cognitiveatlas.org/id/trm_50f37767e2958"
"NIH Toolbox Hearing Threshold Test";"task";"http://www.cognitiveatlas.org/id/trm_50f374718a91c"
"NIH Toolbox List Sorting Working Memory Test";"task";"http://www.cognitiveatlas.org/id/trm_50eb17385e9a6"
"NIH Toolbox Meaning and Purpose Survey";"task";"http://www.cognitiveatlas.org/id/trm_50f5bfef58abb"
"NIH Toolbox Odor Identification Test";"task";"http://www.cognitiveatlas.org/id/trm_50f383e76e03b"
"NIH Toolbox Oral Reading Recognition Test";"task";"http://www.cognitiveatlas.org/id/trm_50eb3b2d1de11"
"NIH Toolbox Oral Symbol Digit Test";"task";"http://www.cognitiveatlas.org/id/trm_50eb461d446e1"
"NIH Toolbox Pain Intensity Survey";"task";"http://www.cognitiveatlas.org/id/trm_50f385a8269ce"
"NIH Toolbox Pain Interference Survey";"task";"http://www.cognitiveatlas.org/id/trm_50f3862422509"
"NIH Toolbox Picture Sequence Memory Test";"task";"http://www.cognitiveatlas.org/id/trm_4da88cb222308"
"NIH Toolbox Picture Vocabulary Test";"task";"http://www.cognitiveatlas.org/id/trm_50eb0dc6668e1"
"NIH Toolbox Positive Affect Survey";"task";"http://www.cognitiveatlas.org/id/trm_50f3bc06cae36"
"NIH Toolbox Standing Balance Test";"task";"http://www.cognitiveatlas.org/id/trm_50eb54d78841b"
"NIH Toolbox Taste Intensity Test";"task";"http://www.cognitiveatlas.org/id/trm_50f379c6c9ea9"
"NIH Toolbox Vision-Related Quality of Life Survey";"task";"http://www.cognitiveatlas.org/id/trm_50f37f231aa4c"
"NIH Toolbox Visual Acuity Test";"task";"http://www.cognitiveatlas.org/id/trm_50f37caf81432"
"NIH Toolbox Words-in Noise Test";"task";"http://www.cognitiveatlas.org/id/trm_50eb0a01bfd05"
"nine-hole peg test";"task";"http://www.cognitiveatlas.org/id/tsk_4a57abb949bdb"
"non-choice task";"task";"http://www.cognitiveatlas.org/id/trm_4d55997cd3edb"
"non-painful electrical stimulation";"task";"http://www.cognitiveatlas.org/id/trm_4c8990f59266f"
"non-painful thermal stimulation";"task";"http://www.cognitiveatlas.org/id/trm_4c89910b7f8bc"
"non-spatial cuing paradigm";"task";"http://www.cognitiveatlas.org/id/trm_55295382db2c5"
"nonword repetition task";"task";"http://www.cognitiveatlas.org/id/trm_4da88b17b985b"
"Novelty detection task";"task";"http://www.cognitiveatlas.org/id/trm_551eff0fdab74"
"NPU-threat test";"task";"http://www.cognitiveatlas.org/id/trm_502420a682976"
"Numerical Working Memory Task";"task";"http://www.cognitiveatlas.org/id/trm_553ec40d44c51"
"numerosity estimation task";"task";"http://www.cognitiveatlas.org/id/trm_4f2457454e458"
"object alternation task";"task";"http://www.cognitiveatlas.org/id/trm_4da88bb3c2462"
"object classification";"task";"http://www.cognitiveatlas.org/id/trm_551b107c5c111"
"object decision task";"task";"http://www.cognitiveatlas.org/id/trm_4fbd2c18e1dd9"
"object n-back";"task";"http://www.cognitiveatlas.org/id/trm_4ebd477ab5a11"
"object naming task";"task";"http://www.cognitiveatlas.org/id/trm_4f2448d02d4d9"
"object one-back task";"task";"http://www.cognitiveatlas.org/id/trm_4ebd47b8bab6b"
"object perception task";"task";"http://www.cognitiveatlas.org/id/trm_551b0ee81fb6b"
"Object Rating Task";"task";"http://www.cognitiveatlas.org/id/trm_553fbba5d5327"
"object recognition task";"task";"http://www.cognitiveatlas.org/id/trm_551b0f2b930ab"
"object working memory task";"task";"http://www.cognitiveatlas.org/id/trm_4f2421c391b83"
"object-discrimination task";"task";"http://www.cognitiveatlas.org/id/tsk_4a57abb949be9"
"oculomotor delayed response";"task";"http://www.cognitiveatlas.org/id/trm_4c3e0add96550"
"odd-even task";"task";"http://www.cognitiveatlas.org/id/trm_4f2452adb7d23"
"oddball task";"task";"http://www.cognitiveatlas.org/id/tsk_4a57abb949bf6"
"olfactory monitoring/discrimination";"task";"http://www.cognitiveatlas.org/id/trm_4c89912c79030"
"One Touch Stockings of Cambridge";"task";"http://www.cognitiveatlas.org/id/trm_50f84bbdcfa4e"
"operant task";"task";"http://www.cognitiveatlas.org/id/trm_50240f06af135"
"operation span task";"task";"http://www.cognitiveatlas.org/id/trm_4c40d10cd776e"
"orientation match task";"task";"http://www.cognitiveatlas.org/id/trm_4fbd2b4bb165c"
"orthographic discrimination";"task";"http://www.cognitiveatlas.org/id/trm_4c89913f80802"
"orthographic task";"task";"http://www.cognitiveatlas.org/id/trm_4f24250e0137e"
"overlapping figures task";"task";"http://www.cognitiveatlas.org/id/trm_4fbd2b964d3ec"
"Overt word repetition";"task";"http://www.cognitiveatlas.org/id/trm_534690b0e9dc5"
"Paced Auditory Serial Addition Test";"task";"http://www.cognitiveatlas.org/id/trm_4da87fb28978e"
"pain monitor/discrimination task";"task";"http://www.cognitiveatlas.org/id/trm_4c8991c5beb0a"
"paired associate learning";"task";"http://www.cognitiveatlas.org/id/trm_4da88a2a63d97"
"paired associate recall";"task";"http://www.cognitiveatlas.org/id/trm_4c8991e6e8597"
"pantomime task";"task";"http://www.cognitiveatlas.org/id/tsk_4a57abb949c04"
"Parallel/serial search";"task";"http://www.cognitiveatlas.org/id/trm_551b06cf9783b"
"parity judgment task";"task";"http://www.cognitiveatlas.org/id/trm_4f24572cb42e4"
"Parrott Scale";"task";"http://www.cognitiveatlas.org/id/tsk_4a57abb949ce9"
"Partial Report Procedure";"task";"http://www.cognitiveatlas.org/id/trm_50b65ef129e23"
"passive avoidance task";"task";"http://www.cognitiveatlas.org/id/trm_4f241fd47f16b"
"passive listening";"task";"http://www.cognitiveatlas.org/id/trm_4c8991fadfe01"
"passive viewing";"task";"http://www.cognitiveatlas.org/id/trm_4c899211a965c"
"pattern comparison task";"task";"http://www.cognitiveatlas.org/id/trm_4da86cb034ff6"
"pavlovian conditioning task";"task";"http://www.cognitiveatlas.org/id/trm_4c898acd1f28e"
"PDD Behavior Inventory";"task";"http://www.cognitiveatlas.org/id/trm_5262d903ae91d"
"Peabody Picture Vocabulary Test";"task";"http://www.cognitiveatlas.org/id/trm_5266bebe14d2e"
"PEBL Perceptual Vigilance Task (PPVT)";"task";"http://www.cognitiveatlas.org/id/trm_50b55d8a6da00"
"Penn Conditional Exclusion Test";"task";"http://www.cognitiveatlas.org/id/trm_50f9952c2311a"
"Penn Face Memory Test";"task";"http://www.cognitiveatlas.org/id/trm_50f99e56117fe"
"Penn Word Memory Test";"task";"http://www.cognitiveatlas.org/id/trm_50f998dcbfcc8"
"perceptual closure task";"task";"http://www.cognitiveatlas.org/id/trm_551b05e03be48"
"perceptual discrimination task";"task";"http://www.cognitiveatlas.org/id/trm_553ebfc390256"
"perceptual organization";"task";"http://www.cognitiveatlas.org/id/trm_551b0e6b88363"
"phasic pain stimulation";"task";"http://www.cognitiveatlas.org/id/trm_4e6114e7b1ff2"
"phoneme detection task";"task";"http://www.cognitiveatlas.org/id/trm_4f24479b0db8f"
"phonemic fluency task";"task";"http://www.cognitiveatlas.org/id/trm_4f241be43458e"
"phonetic discrimination task";"task";"http://www.cognitiveatlas.org/id/trm_4f2414a1bab77"
"phonological discrimination";"task";"http://www.cognitiveatlas.org/id/trm_4c89922cb6402"
"phonological task";"task";"http://www.cognitiveatlas.org/id/trm_4f241b751c5a0"
"Piaget&#39;s Water Jar Task";"task";"http://www.cognitiveatlas.org/id/trm_5206bf053acf4"
"picture naming task";"task";"http://www.cognitiveatlas.org/id/tsk_4a57abb949cfb"
"picture-word Stroop test";"task";"http://www.cognitiveatlas.org/id/trm_4dadbfd771a54"
"pitch/monitor discrimination";"task";"http://www.cognitiveatlas.org/id/trm_4c89924414c69"
"Pittsburgh Sleep Quality Index";"task";"http://www.cognitiveatlas.org/id/trm_5585c83d15fad"
"pointing";"task";"http://www.cognitiveatlas.org/id/trm_4c89926767870"
"Porteus maze test";"task";"http://www.cognitiveatlas.org/id/trm_4da87fdd7820e"
"position of gap match task";"task";"http://www.cognitiveatlas.org/id/trm_4fbd2b6fd33c5"
"Positive and Negative Affect Scale";"task";"http://www.cognitiveatlas.org/id/tsk_4a57abb949d09"
"Posner cueing task";"task";"http://www.cognitiveatlas.org/id/tsk_4a57abb949d17"
"predictive-inference helicopter task";"task";"http://www.cognitiveatlas.org/id/trm_553e6b8e33da4"
"Preschool Language Scale";"task";"http://www.cognitiveatlas.org/id/trm_5266bc6473fd8"
"Probabilistic classification task";"task";"http://www.cognitiveatlas.org/id/trm_4cacf22a22d80"
"Probabilistic gambling task";"task";"http://www.cognitiveatlas.org/id/trm_4d54b61a14a14"
"probabilistic reversal learning task";"task";"http://www.cognitiveatlas.org/id/trm_4da6318f7381b"
"Probabilistic Selection Task";"task";"http://www.cognitiveatlas.org/id/trm_5667483dcc371"
"problem solving task";"task";"http://www.cognitiveatlas.org/id/trm_4f241325579c6"
"prospective memory task";"task";"http://www.cognitiveatlas.org/id/trm_4f244860c702c"
"prototype distortion task";"task";"http://www.cognitiveatlas.org/id/trm_4f24550fc5f38"
"pseudoword naming task";"task";"http://www.cognitiveatlas.org/id/tsk_4a57abb949d25"
"psychological refractory period (PRP) paradigm";"task";"http://www.cognitiveatlas.org/id/trm_51c453f64d2a6"
"psychophysics task";"task";"http://www.cognitiveatlas.org/id/trm_502985b4baaed"
"pursuit rotor task";"task";"http://www.cognitiveatlas.org/id/trm_4da88b63787d6"
"pyramids and palm trees task";"task";"http://www.cognitiveatlas.org/id/tsk_4a57abb949d32"
"random number generation task";"task";"http://www.cognitiveatlas.org/id/trm_4f2417d4a63ae"
"rapid automatized naming test";"task";"http://www.cognitiveatlas.org/id/trm_4b86c2e871b14"
"rapid serial object transformation";"task";"http://www.cognitiveatlas.org/id/trm_4b86dbcd8ff78"
"rapid serial visual presentation task";"task";"http://www.cognitiveatlas.org/id/tsk_4a57abb949879"
"Rapid Visual Information Processing";"task";"http://www.cognitiveatlas.org/id/trm_50f8516279419"
"Raven&#39;s Advanced Progressive Matrices";"task";"http://www.cognitiveatlas.org/id/trm_4f24211a03b07"
"Re-entrant processing";"task";"http://www.cognitiveatlas.org/id/trm_551efd39a74dd"
"Reaction Time";"task";"http://www.cognitiveatlas.org/id/trm_50f84e8ab7af8"
"reading (covert)";"task";"http://www.cognitiveatlas.org/id/trm_4c8a82ba8a538"
"reading (overt)";"task";"http://www.cognitiveatlas.org/id/trm_4c8a82eeaa58f"
"reading span task";"task";"http://www.cognitiveatlas.org/id/trm_4c40d168898db"
"reappraisal task";"task";"http://www.cognitiveatlas.org/id/trm_4f2420b042165"
"recall test";"task";"http://www.cognitiveatlas.org/id/trm_4f2411c91ae5e"
"recency judgment task";"task";"http://www.cognitiveatlas.org/id/trm_4f241fb95918f"
"recitation/repetition (covert)";"task";"http://www.cognitiveatlas.org/id/trm_4c8a830dec136"
"recitation/repetition (overt)";"task";"http://www.cognitiveatlas.org/id/trm_4c8a8329cb8ff"
"recognition memory test";"task";"http://www.cognitiveatlas.org/id/tsk_4a57abb949d40"
"Regularity and Change Detection";"task";"http://www.cognitiveatlas.org/id/trm_5519c329eb334"
"regulated heat stimulation";"task";"http://www.cognitiveatlas.org/id/trm_565a31fa6f444"
"relational processing fMRI task paradigm";"task";"http://www.cognitiveatlas.org/id/trm_550b5a47aa23e"
"relational reasoning task";"task";"http://www.cognitiveatlas.org/id/trm_4f2454dfca337"
"remember/know task";"task";"http://www.cognitiveatlas.org/id/trm_4da63146f12d7"
"response mapping task";"task";"http://www.cognitiveatlas.org/id/trm_4da88b3b0cbcc"
"rest eyes closed";"task";"http://www.cognitiveatlas.org/id/trm_54e69c642d89b"
"rest eyes open";"task";"http://www.cognitiveatlas.org/id/trm_4c8a834779883"
"retinotopic mapping task";"task";"http://www.cognitiveatlas.org/id/trm_558c4d3105abf"
"retinotopic representation";"task";"http://www.cognitiveatlas.org/id/trm_551b0fd03d7d8"
"retrieval-induced forgetting task";"task";"http://www.cognitiveatlas.org/id/trm_4da87f81bc2c8"
"reversal learning task";"task";"http://www.cognitiveatlas.org/id/tsk_4a57abb949d4e"
"reversal weather prediction";"task";"http://www.cognitiveatlas.org/id/trm_5181fb7bf350b"
"Rey Auditory Verbal Learning Task";"task";"http://www.cognitiveatlas.org/id/trm_4da88ae0f2952"
"Rey-Ostereith Complex Figure Test";"task";"http://www.cognitiveatlas.org/id/trm_4da880396c76b"
"Reynell Developmental Language Scales";"task";"http://www.cognitiveatlas.org/id/trm_4da8914987ee2"
"rhyme verification task";"task";"http://www.cognitiveatlas.org/id/trm_4d949c5b0e380"
"risky gains task";"task";"http://www.cognitiveatlas.org/id/tsk_4a57abb949d5b"
"Rivermead Behavioural Memory Test";"task";"http://www.cognitiveatlas.org/id/trm_4da8885b33375"
"roving somatosensory oddball task";"task";"http://www.cognitiveatlas.org/id/trm_566db10532583"
"rubber hand illusion";"task";"http://www.cognitiveatlas.org/id/trm_4e5bb14d814a8"
"Running Memory";"task";"http://www.cognitiveatlas.org/id/trm_551f0b18d7ca0"
"Salthouse and Babcock Listening Span task ";"task";"http://www.cognitiveatlas.org/id/tsk_4a57abb949d69"
"same-different task";"task";"http://www.cognitiveatlas.org/id/trm_4b75ea4ddd896"
"Scale for the Assessment of Negative Symptoms";"task";"http://www.cognitiveatlas.org/id/trm_55a6a36d9c3f9"
"Scale for the Assessment of Positive Symptoms";"task";"http://www.cognitiveatlas.org/id/trm_55a6cffbcb5f7"
"scene recognition task";"task";"http://www.cognitiveatlas.org/id/trm_4da6327154fd4"
"selective attention task";"task";"http://www.cognitiveatlas.org/id/tsk_4a57abb949d76"
"self monitoring task";"task";"http://www.cognitiveatlas.org/id/trm_551b153bc78fc"
"self ordered pointing task";"task";"http://www.cognitiveatlas.org/id/trm_4c40d325977f0"
"semantic anomaly judgement task";"task";"http://www.cognitiveatlas.org/id/tsk_4a57abb949d84"
"semantic association task";"task";"http://www.cognitiveatlas.org/id/tsk_4a57abb949d92"
"semantic classification task";"task";"http://www.cognitiveatlas.org/id/trm_4f2412d4c3b88"
"semantic decision task";"task";"http://www.cognitiveatlas.org/id/trm_4f240cb09f8e5"
"semantic fluency task";"task";"http://www.cognitiveatlas.org/id/trm_4f241bd52b509"
"semantic memory task";"task";"http://www.cognitiveatlas.org/id/trm_4f241c0737cc0"
"semantic relatedness task";"task";"http://www.cognitiveatlas.org/id/trm_4f240d7664628"
"semantic task";"task";"http://www.cognitiveatlas.org/id/trm_4f241b50caaf7"
"Sensory Profile";"task";"http://www.cognitiveatlas.org/id/trm_526943e3cbaaf"
"sentence completion test";"task";"http://www.cognitiveatlas.org/id/tsk_4a57abb949d9f"
"sentence-picture matching task";"task";"http://www.cognitiveatlas.org/id/trm_4f241e8a01052"
"Sentence/discourse content test";"task";"http://www.cognitiveatlas.org/id/trm_5521807e50549"
"Sentence/nonword language localizer";"task";"http://www.cognitiveatlas.org/id/trm_558c35979a284"
"Sequence encoding";"task";"http://www.cognitiveatlas.org/id/trm_551f0cc82ed49"
"sequence recall/learning";"task";"http://www.cognitiveatlas.org/id/trm_4c8a83cac75f5"
"Sequence reproduction";"task";"http://www.cognitiveatlas.org/id/trm_551f103b3edeb"
"sequential shape matching";"task";"http://www.cognitiveatlas.org/id/trm_4e8a0dd29ec7b"
"serial reaction time task";"task";"http://www.cognitiveatlas.org/id/trm_4f241c735e7f6"
"set-shifting task";"task";"http://www.cognitiveatlas.org/id/tsk_4a57abb949dad"
"shadowing task";"task";"http://www.cognitiveatlas.org/id/trm_4f2456932f11b"
"short-term memory task";"task";"http://www.cognitiveatlas.org/id/trm_4f24239cc239e"
"Simon task";"task";"http://www.cognitiveatlas.org/id/tsk_4a57abb949dbb"
"simple reaction time task";"task";"http://www.cognitiveatlas.org/id/tsk_4a57abb949dc8"
"Simple span task";"task";"http://www.cognitiveatlas.org/id/trm_551f0b9654d23"
"Single item food choice task";"task";"http://www.cognitiveatlas.org/id/trm_55c686e0824e8"
"single-task weather prediction ";"task";"http://www.cognitiveatlas.org/id/trm_4ebc728326a13"
"size match task";"task";"http://www.cognitiveatlas.org/id/trm_4fbd2af083332"
"social bargaining fMRI task";"task";"http://www.cognitiveatlas.org/id/trm_553e88a66b676"
"social cognition (theory of mind) fMRI task paradigm";"task";"http://www.cognitiveatlas.org/id/trm_550b557e5f90e"
"Social Communication Questionnaire";"task";"http://www.cognitiveatlas.org/id/trm_521687032f822"
"Social Competence Questionnaire";"task";"http://www.cognitiveatlas.org/id/trm_525c4a78089ad"
"social influence for food preferences task";"task";"http://www.cognitiveatlas.org/id/trm_553fbbf79ebc5"
"social judgment of faces task";"task";"http://www.cognitiveatlas.org/id/trm_553eb45e2b709"
"social judgment task";"task";"http://www.cognitiveatlas.org/id/trm_4f2453ce33f16"
"Social Responsiveness Scale";"task";"http://www.cognitiveatlas.org/id/trm_5208fe678c652"
"source memory test";"task";"http://www.cognitiveatlas.org/id/tsk_4a57abb949dd6"
"Space Fortress";"task";"http://www.cognitiveatlas.org/id/trm_50df1c0d946b8"
"Space Fortress with Oddball";"task";"http://www.cognitiveatlas.org/id/trm_50df1dd534ff2"
"span/supra-span test";"task";"http://www.cognitiveatlas.org/id/tsk_4a57abb949de3"
"Spatial cuing paradigm";"task";"http://www.cognitiveatlas.org/id/trm_551f0634b2607"
"spatial delayed response task";"task";"http://www.cognitiveatlas.org/id/trm_4dadbe225bdf1"
"spatial location/discrimination";"task";"http://www.cognitiveatlas.org/id/trm_4c8a83f27ac55"
"spatial n-back task";"task";"http://www.cognitiveatlas.org/id/tsk_4a57abb949df1"
"Spatial Recognition Memory";"task";"http://www.cognitiveatlas.org/id/trm_50f733d7305a1"
"spatial span test";"task";"http://www.cognitiveatlas.org/id/trm_4da86b539924c"
"spatial working memory localizer task";"task";"http://www.cognitiveatlas.org/id/trm_558c36935a0e9"
"spatial working memory task";"task";"http://www.cognitiveatlas.org/id/trm_4f2453b806fe1"
"Speech Detection";"task";"http://www.cognitiveatlas.org/id/trm_5519c3eaa3fb7"
"spelling task";"task";"http://www.cognitiveatlas.org/id/trm_4f24135453d65"
"Spielberger's State-Trait Anxiety Questionnaire";"task";"http://www.cognitiveatlas.org/id/tsk_4a57abb949dfe"
"Stanford-Binet Intelligence Scales";"task";"http://www.cognitiveatlas.org/id/trm_526af65b16c82"
"Sternberg delayed recognition task";"task";"http://www.cognitiveatlas.org/id/tsk_4a57abb949e0c"
"Sternberg Directed Forgetting";"task";"http://www.cognitiveatlas.org/id/trm_56674c7c2fa4f"
"Sternberg Item Recognition Task";"task";"http://www.cognitiveatlas.org/id/trm_551f0a8b5ba2c"
"Sternberg Recent Probes";"task";"http://www.cognitiveatlas.org/id/trm_56674987c8f0c"
"Stockings of Cambridge Task";"task";"http://www.cognitiveatlas.org/id/trm_4da890cf99b9e"
"stop signal task";"task";"http://www.cognitiveatlas.org/id/tsk_4a57abb949e1a"
"Stop signal task with dot motion discrimination";"task";"http://www.cognitiveatlas.org/id/trm_558c3350c6a9f"
"stop signal task with letter naming";"task";"http://www.cognitiveatlas.org/id/trm_5181f83b77fa4"
"stop signal task with pseudo word naming";"task";"http://www.cognitiveatlas.org/id/trm_5181f863d24f4"
"stop signal walking task with stroop";"task";"http://www.cognitiveatlas.org/id/trm_553fcbbe974ba"
"stop-change task";"task";"http://www.cognitiveatlas.org/id/trm_4f2447dfa5947"
"Stroop task";"task";"http://www.cognitiveatlas.org/id/tsk_4a57abb949e27"
"Structured Clinical Interview for Diagnostic and Statistical Manual of Mental Disorders (DSM-IV)";"task";"http://www.cognitiveatlas.org/id/tsk_4a57abb949e35"
"subjective emotional picture discrimination";"task";"http://www.cognitiveatlas.org/id/trm_4c8a840d6f969"
"Surface properties of object paradigms";"task";"http://www.cognitiveatlas.org/id/trm_552184243d7ab"
"sustained attention to response task";"task";"http://www.cognitiveatlas.org/id/trm_4da86cfe8cf1b"
"Symbol Counter Task";"task";"http://www.cognitiveatlas.org/id/trm_50b66c50ca2ac"
"symbol-digit substitution";"task";"http://www.cognitiveatlas.org/id/tsk_4a57abb949e44"
"Symptom Checklist-90-Revised ";"task";"http://www.cognitiveatlas.org/id/tsk_4a57abb949e5b"
"synchrony judgment task";"task";"http://www.cognitiveatlas.org/id/trm_4e31d031bc8c2"
"syntactic acceptability judgement task";"task";"http://www.cognitiveatlas.org/id/tsk_4a57abb949e7c"
"syntactic discrimination";"task";"http://www.cognitiveatlas.org/id/trm_4c8a842512a33"
"syntactic task";"task";"http://www.cognitiveatlas.org/id/trm_4f244a453522b"
"tactile monitor/discrimination";"task";"http://www.cognitiveatlas.org/id/trm_4c8a843d8d352"
"Tapping task";"task";"http://www.cognitiveatlas.org/id/trm_534692ef3b5df"
"target detection task";"task";"http://www.cognitiveatlas.org/id/trm_4f242499b8952"
"task switching (3x2)";"task";"http://www.cognitiveatlas.org/id/trm_566745bbf272a"
"task-switching ";"task";"http://www.cognitiveatlas.org/id/tsk_4a57abb949e8a"
"Temperament and Character Inventory";"task";"http://www.cognitiveatlas.org/id/trm_55a6cb4f951ea"
"temporal discounting task";"task";"http://www.cognitiveatlas.org/id/tsk_4a57abb949e98"
"temporal order judgment task";"task";"http://www.cognitiveatlas.org/id/trm_4e31d69b7f422"
"Test of Adolescent and Adult Language";"task";"http://www.cognitiveatlas.org/id/trm_52713c85c0bd2"
"Test of Early Language Development";"task";"http://www.cognitiveatlas.org/id/trm_527138126fb20"
"Test of Language Development";"task";"http://www.cognitiveatlas.org/id/trm_527143a263937"
"test of variables of attention";"task";"http://www.cognitiveatlas.org/id/trm_4da86cdbd9eeb"
"Test of Word Reading Efficiency";"task";"http://www.cognitiveatlas.org/id/tsk_4a57abb949ea5"
"theory of mind task";"task";"http://www.cognitiveatlas.org/id/trm_4c8a8467304e2"
"thermal grill illusion";"task";"http://www.cognitiveatlas.org/id/trm_4e5fcd75efb58"
"think/no-think task";"task";"http://www.cognitiveatlas.org/id/trm_54f93101b2fd8"
"Time Wall";"task";"http://www.cognitiveatlas.org/id/trm_50c0f3e6c596e"
"Time-series of response time";"task";"http://www.cognitiveatlas.org/id/trm_55218536d1710"
"Tobacco Craving Questionnaire";"task";"http://www.cognitiveatlas.org/id/tsk_4a57abb949eb3"
"tone counting";"task";"http://www.cognitiveatlas.org/id/trm_4ebc6a6b75ebf"
"Tone Detection (JND)";"task";"http://www.cognitiveatlas.org/id/trm_5519c5f2ad56f"
"Tone Matching";"task";"http://www.cognitiveatlas.org/id/trm_5519c2645167e"
"tone monitor/discrimination";"task";"http://www.cognitiveatlas.org/id/trm_4c8a84825c4e4"
"tonic pain stimulation";"task";"http://www.cognitiveatlas.org/id/trm_4e6112759926e"
"Tower of Hanoi";"task";"http://www.cognitiveatlas.org/id/trm_4da87e7282f92"
"Tower of London";"task";"http://www.cognitiveatlas.org/id/trm_4da87e439c411"
"trace conditioning";"task";"http://www.cognitiveatlas.org/id/trm_4a3fd79d0b3d7"
"Trail Making Test A and B";"task";"http://www.cognitiveatlas.org/id/tsk_4a57abb949ec0"
"Transitive inference task";"task";"http://www.cognitiveatlas.org/id/trm_551f1491a2fe8"
"Two item food choice task";"task";"http://www.cognitiveatlas.org/id/trm_55c691909c580"
"Ultimatum Game (UG)";"task";"http://www.cognitiveatlas.org/id/trm_553e8882e3cb6"
"underlining test";"task";"http://www.cognitiveatlas.org/id/trm_4b86c473a7166"
"Unified Parkinson's Disease Rating Scale";"task";"http://www.cognitiveatlas.org/id/tsk_4a57abb949ece"
"updating task";"task";"http://www.cognitiveatlas.org/id/trm_4f242172aea5d"
"Uznadze haptic illusion task";"task";"http://www.cognitiveatlas.org/id/trm_4da88ec6735ad"
"Vandenberg & Kuse Tasks";"task";"http://www.cognitiveatlas.org/id/trm_4af89b3a925ca"
"verb generation task";"task";"http://www.cognitiveatlas.org/id/trm_4f24183fe80c6"
"Verbal description of visual depiction";"task";"http://www.cognitiveatlas.org/id/trm_552174d3b61fb"
"verbal fluency task";"task";"http://www.cognitiveatlas.org/id/trm_4f240f1c740da"
"verbal working memory task";"task";"http://www.cognitiveatlas.org/id/trm_4f2457a8b0bc8"
"Vernier discrimination task";"task";"http://www.cognitiveatlas.org/id/trm_5519c7f17de9f"
"vibrotactile monitor/discrimination";"task";"http://www.cognitiveatlas.org/id/trm_4c8a84afdd863"
"video games";"task";"http://www.cognitiveatlas.org/id/trm_4c8a84d4c4157"
"vigilance";"task";"http://www.cognitiveatlas.org/id/trm_4da88a8e13f26"
"Vineland Adaptive Behavior Scales";"task";"http://www.cognitiveatlas.org/id/trm_52717a95a3b03"
"visual alignment task ";"task";"http://www.cognitiveatlas.org/id/tsk_4a57abb949edb"
"Visual Analogue Scales";"task";"http://www.cognitiveatlas.org/id/trm_50f7370ace495"
"visual attention task";"task";"http://www.cognitiveatlas.org/id/trm_4c8a84f20dde2"
"visual illusion susceptibility";"task";"http://www.cognitiveatlas.org/id/trm_551b0dc4e4359"
"Visual Object Learning Test ";"task";"http://www.cognitiveatlas.org/id/trm_50f9daf1c3834"
"Visual Patterns Test";"task";"http://www.cognitiveatlas.org/id/trm_4da886fc2bc46"
"visual pursuit/tracking";"task";"http://www.cognitiveatlas.org/id/trm_4c8a85534241d"
"visual search task";"task";"http://www.cognitiveatlas.org/id/trm_4f2447fe67fb9"
"Visual world paradigm";"task";"http://www.cognitiveatlas.org/id/trm_55217c8179b00"
"visually guided saccade task";"task";"http://www.cognitiveatlas.org/id/trm_4f24108555294"
"visuospatial cueing task";"task";"http://www.cognitiveatlas.org/id/tsk_4a57abb949ee9"
"WAIS Arithmetic";"task";"http://www.cognitiveatlas.org/id/trm_5106f4dfe08b1"
"WAIS Comprehension";"task";"http://www.cognitiveatlas.org/id/trm_5106f82530aff"
"WAIS digit span";"task";"http://www.cognitiveatlas.org/id/trm_5106eee90937a"
"WAIS Object Assembly";"task";"http://www.cognitiveatlas.org/id/trm_51071fc87a61f"
"WAIS Picture Arrangement";"task";"http://www.cognitiveatlas.org/id/trm_51070ae889d95"
"WAIS Picture Completion";"task";"http://www.cognitiveatlas.org/id/trm_5107067241007"
"WAIS Similarities";"task";"http://www.cognitiveatlas.org/id/trm_510703e93367e"
"WAIS Vocabulary";"task";"http://www.cognitiveatlas.org/id/trm_5106f17025386"
"WAIS-Information";"task";"http://www.cognitiveatlas.org/id/trm_5106eae236c21"
"Warrington's Face/Word Recognition Test";"task";"http://www.cognitiveatlas.org/id/tsk_4a57abb949ef7"
"Wason card selection task";"task";"http://www.cognitiveatlas.org/id/trm_4f2449bdcb0b1"
"Wechsler Abbreviated Scale of Intelligence";"task";"http://www.cognitiveatlas.org/id/trm_4b94affc43245"
"Wechsler Adult Intelligence Scale - Revised";"task";"http://www.cognitiveatlas.org/id/tsk_4a57abb949f12"
"Wechsler Adult Intelligence Scale-Revised";"task";"http://www.cognitiveatlas.org/id/tsk_4a57abb949f04"
"Wechsler Intelligence Scale for Children - Revised";"task";"http://www.cognitiveatlas.org/id/trm_4da6338803ed2"
"Wechsler Memory Scale (IV)";"task";"http://www.cognitiveatlas.org/id/trm_4da63357e4999"
"Wechsler Memory Scale Fourth Edition";"task";"http://www.cognitiveatlas.org/id/trm_4b94b12bf0eb2"
"whistling";"task";"http://www.cognitiveatlas.org/id/trm_4c8a8575d1e55"
"why/how task";"task";"http://www.cognitiveatlas.org/id/trm_53c4465b0466f"
"Wilson+Niv";"task";"http://www.cognitiveatlas.org/id/trm_566747c3d757f"
"WISC-R Mazes";"task";"http://www.cognitiveatlas.org/id/trm_4b86c55f3d5df"
"Wisconsin card sorting test";"task";"http://www.cognitiveatlas.org/id/tsk_4a57abb949f21"
"word attack";"task";"http://www.cognitiveatlas.org/id/tsk_4a57abb949f2f"
"word comprehension task";"task";"http://www.cognitiveatlas.org/id/trm_4f240fbdf1601"
"word fluency test";"task";"http://www.cognitiveatlas.org/id/trm_4da633dbb5817"
"word generation task";"task";"http://www.cognitiveatlas.org/id/tsk_4a57abb949f3d"
"word identification";"task";"http://www.cognitiveatlas.org/id/tsk_4a57abb949f4a"
"word one-back task";"task";"http://www.cognitiveatlas.org/id/trm_4ebd482eba5b1"
"word stem completion (covert)";"task";"http://www.cognitiveatlas.org/id/trm_4c8a858da803d"
"word stem completion (overt)";"task";"http://www.cognitiveatlas.org/id/trm_4c8a85a4564b2"
"word-picture matching task";"task";"http://www.cognitiveatlas.org/id/trm_4f241ee9c4e37"
"word-picture verification task";"task";"http://www.cognitiveatlas.org/id/trm_4b65e5e2ab3ca"
"working memory fMRI task paradigm";"task";"http://www.cognitiveatlas.org/id/trm_550b50095d4a3"
"writing task";"task";"http://www.cognitiveatlas.org/id/trm_4c8a85c5c75eb"
"Young Mania Rating Scale";"task";"http://www.cognitiveatlas.org/id/trm_558702243da12"
"zoo map test";"task";"http://www.cognitiveatlas.org/id/trm_4da89089ce0af"
